Time,XGyro,YGyro,ZGyro,XAccel,YAccel,ZAccel,XMag,YMag,ZMag
0.000,-0.03,0.00,-0.03,-0.0060,-0.0595,-1.1159,-0.5244,-0.3424,-1.2256
0.000,0.05,-0.02,0.07,-0.0058,-0.0593,-1.1153,-0.5997,-0.3047,-1.2063
0.000,-0.03,0.03,0.01,-0.0070,-0.0603,-1.1153,-0.6047,-0.3114,-1.1900
0.000,-0.03,-0.00,0.01,-0.0066,-0.0591,-1.1154,-0.5417,-0.3345,-1.2202
0.000,0.02,0.06,0.01,-0.0065,-0.0587,-1.1160,-0.5332,-0.3499,-1.2135
0.000,-0.03,0.03,-0.04,-0.0066,-0.0596,-1.1159,-0.5983,-0.3817,-1.2169
0.000,-0.00,0.06,0.04,-0.0057,-0.0593,-1.1161,-0.4832,-0.3719,-1.2211
0.000,-0.06,0.00,-0.04,-0.0064,-0.0597,-1.1158,-0.5986,-0.2901,-1.1859
0.000,-0.00,-0.02,0.01,-0.0063,-0.0596,-1.1158,-0.5858,-0.3091,-1.1980
0.000,0.02,0.09,0.01,-0.0061,-0.0587,-1.1155,-0.5531,-0.3461,-1.1966
0.000,-0.00,-0.02,-0.04,-0.0061,-0.0595,-1.1158,-0.6144,-0.3535,-1.2593
0.000,0.02,-0.08,0.04,-0.0059,-0.0599,-1.1155,-0.6125,-0.3403,-1.1615
0.000,0.02,-0.02,-0.01,-0.0055,-0.0597,-1.1149,-0.5856,-0.3492,-1.1640
0.000,0.06,-0.02,-0.04,-0.0060,-0.0592,-1.1155,-0.5225,-0.3082,-1.1667
0.000,-0.09,-0.02,-0.07,-0.0058,-0.0588,-1.1163,-0.5747,-0.3132,-1.2237
0.000,0.03,0.06,0.04,-0.0058,-0.0592,-1.1151,-0.5797,-0.2978,-1.2642
0.000,-0.00,0.12,-0.04,-0.0065,-0.0591,-1.1161,-0.6211,-0.3056,-1.2548
0.000,0.02,-0.02,-0.01,-0.0062,-0.0595,-1.1169,-0.6007,-0.3177,-1.2273
0.000,-0.00,0.03,0.01,-0.0059,-0.0593,-1.1158,-0.5424,-0.2883,-1.1906
0.000,-0.03,0.03,0.01,-0.0055,-0.0595,-1.1151,-0.5703,-0.3152,-1.2077
0.000,-0.00,0.03,0.07,-0.0060,-0.0593,-1.1161,-0.6177,-0.3280,-1.1980
0.000,-0.00,-0.02,-0.04,-0.0056,-0.0589,-1.1159,-0.5729,-0.3319,-1.2534
0.000,0.05,0.03,-0.01,-0.0063,-0.0590,-1.1148,-0.5593,-0.3417,-1.1327
0.000,-0.00,0.00,0.04,-0.0067,-0.0593,-1.1165,-0.6026,-0.3203,-1.2112
0.000,-0.06,0.00,-0.01,-0.0057,-0.0591,-1.1161,-0.6298,-0.3385,-1.1799
0.000,-0.00,0.03,0.01,-0.0063,-0.0590,-1.1163,-0.5862,-0.3421,-1.1834
0.000,-0.00,0.01,-0.01,-0.0057,-0.0587,-1.1156,-0.5622,-0.3224,-1.2340
0.000,-0.00,0.06,-0.01,-0.0060,-0.0604,-1.1149,-0.6257,-0.3014,-1.1654
0.000,-0.03,0.03,0.01,-0.0061,-0.0601,-1.1163,-0.5721,-0.3006,-1.2578
0.000,-0.03,0.07,-0.04,-0.0064,-0.0595,-1.1161,-0.4581,-0.3607,-1.2133
0.000,0.02,-0.05,-0.01,-0.0062,-0.0594,-1.1159,-0.5210,-0.3366,-1.1931
0.000,0.02,-0.11,-0.04,-0.0059,-0.0591,-1.1168,-0.6446,-0.3302,-1.2004
0.000,-0.06,-0.02,0.01,-0.0060,-0.0595,-1.1156,-0.5997,-0.2550,-1.2328
0.000,0.02,0.09,0.04,-0.0065,-0.0596,-1.1150,-0.5820,-0.3091,-1.2277
0.000,0.05,0.00,0.04,-0.0059,-0.0602,-1.1168,-0.5365,-0.3187,-1.2313
0.000,-0.03,-0.02,-0.04,-0.0062,-0.0596,-1.1167,-0.5441,-0.3389,-1.2354
0.000,-0.06,0.00,-0.01,-0.0055,-0.0606,-1.1152,-0.6615,-0.2696,-1.2316
0.000,0.02,0.06,-0.07,-0.0067,-0.0599,-1.1169,-0.5919,-0.3313,-1.1881
0.000,0.02,0.00,0.07,-0.0059,-0.0594,-1.1158,-0.5916,-0.2889,-1.2695
0.000,-0.09,-0.02,-0.01,-0.0059,-0.0593,-1.1171,-0.5646,-0.3444,-1.1463
0.000,-0.00,0.03,0.04,-0.0061,-0.0596,-1.1163,-0.6013,-0.3218,-1.1552
0.000,-0.00,0.03,-0.01,-0.0066,-0.0591,-1.1166,-0.5805,-0.2650,-1.1830
0.000,-0.00,-0.02,0.01,-0.0058,-0.0589,-1.1152,-0.6812,-0.3517,-1.1681
0.000,0.05,-0.02,0.01,-0.0062,-0.0593,-1.1163,-0.6149,-0.3145,-1.2019
0.000,-0.00,-0.08,-0.01,-0.0063,-0.0593,-1.1172,-0.5929,-0.3460,-1.2411
0.000,-0.03,-0.02,0.01,-0.0061,-0.0595,-1.1151,-0.5982,-0.3107,-1.2284
0.000,-0.00,-0.05,0.07,-0.0060,-0.0594,-1.1160,-0.5706,-0.3021,-1.1822
0.000,0.02,0.09,-0.01,-0.0067,-0.0593,-1.1163,-0.7096,-0.2907,-1.2238
0.000,-0.00,0.00,0.04,-0.0064,-0.0601,-1.1155,-0.6046,-0.3142,-1.2407
0.000,0.05,-0.08,0.10,-0.0066,-0.0596,-1.1148,-0.5664,-0.3685,-1.2286
0.000,-0.00,0.00,-0.01,-0.0058,-0.0596,-1.1154,-0.6231,-0.2621,-1.2249
0.000,-0.00,-0.02,-0.01,-0.0068,-0.0592,-1.1158,-0.5789,-0.3792,-1.1755
0.000,0.06,0.01,-0.04,-0.0060,-0.0588,-1.1160,-0.5186,-0.3247,-1.2164
0.000,-0.00,-0.02,-0.01,-0.0058,-0.0601,-1.1152,-0.5611,-0.3359,-1.2422
0.000,-26.98,3.29,12.67,-0.0862,-0.0800,-1.1407,-0.6657,-0.3930,-1.1784
0.000,-10.22,-6.59,-10.33,-0.0678,-0.0102,-1.1197,-0.7249,-0.3034,-1.1167
0.000,-7.59,-5.51,4.34,-0.1887,0.0856,-1.1008,-0.9696,-0.1800,-1.1107
0.000,-14.00,-1.24,-9.69,-0.2236,0.1991,-1.0791,-1.0112,-0.1471,-1.0934
0.000,-0.86,-16.69,-5.83,-0.3414,0.2316,-1.0178,-1.0275,-0.1143,-1.1279
0.000,2.22,53.05,-22.73,-0.3602,0.2969,-1.0358,-0.9769,-0.2494,-1.1287
0.000,39.90,-36.60,-2.90,0.0325,0.0124,-1.1937,0.0010,-0.4996,-1.2547
0.000,-29.47,-10.71,-0.99,0.0972,-0.0399,-1.0863,0.0534,-0.7572,-1.1845
0.000,-17.64,32.02,4.56,0.1790,-0.0450,-1.1250,-0.0485,-0.5314,-1.1657
0.000,-70.58,2.48,26.33,0.2913,0.2264,-1.1636,0.2633,-0.2306,-1.2791
0.000,-15.61,12.71,-8.88,0.1492,0.1381,-1.1319,-0.2509,-0.2297,-1.2726
0.000,-13.69,25.37,-56.54,0.1761,0.1401,-1.2068,0.0900,-0.3666,-1.2662
0.000,-7.26,7.15,-38.93,0.1381,0.0443,-1.1334,0.4746,-0.4874,-1.1914
0.000,10.83,1.00,-22.52,0.1564,0.0699,-1.0745,0.6798,-0.3612,-1.1756
0.000,7.91,-1.36,-13.31,0.2467,0.0473,-1.0606,0.9431,-0.1107,-1.0618
0.000,-13.58,-2.91,13.24,0.1743,0.0469,-1.0751,0.8391,-0.2075,-1.1687
0.000,10.47,3.48,2.32,0.1168,-0.0247,-1.1520,0.7512,-0.2594,-1.2344
0.000,37.71,-21.89,18.80,0.2737,0.0934,-1.3091,0.7572,-0.1580,-1.1675
0.000,9.06,4.79,-13.98,0.0769,0.0573,-1.1303,0.7795,0.0715,-1.1776
0.000,32.02,26.50,-39.45,0.2256,0.2401,-1.2042,0.7880,0.4567,-1.1111
0.000,-7.30,4.44,-35.50,0.0153,0.1973,-1.1598,0.4106,0.5614,-1.1459
0.000,30.60,-4.53,5.84,-0.0139,0.1810,-0.8607,0.2602,0.6824,-1.1005
0.000,21.47,-11.26,-14.24,0.0851,0.0824,-1.2497,0.0995,0.8147,-1.0439
0.000,-1.18,-1.51,-23.93,0.0990,0.1728,-1.1534,0.1267,0.7555,-1.0237
0.000,9.66,13.47,-19.95,0.2033,0.0781,-1.1576,0.0766,0.7505,-1.0329
0.000,1.96,-11.82,11.40,-0.0001,0.2903,-1.1134,0.2556,0.7411,-1.0170
0.000,-10.26,-32.34,11.39,0.0018,-0.0266,-1.1420,0.3255,0.5988,-0.9929
0.000,-10.62,8.39,34.65,0.0427,0.0282,-1.1295,0.4488,0.4909,-1.0888
0.000,-7.24,4.66,5.25,0.0535,0.2109,-1.0716,0.8244,0.4356,-0.9852
0.000,-7.13,1.86,-3.36,0.1215,0.2464,-1.0834,0.8626,0.4834,-0.8573
0.000,-7.07,2.93,5.89,0.1296,0.2416,-1.0541,0.9249,0.4436,-0.8700
0.000,-2.64,0.28,1.11,0.1808,0.2270,-1.0727,0.9426,0.4126,-0.8799
0.000,-3.14,-0.20,0.81,0.1293,0.2222,-1.0818,0.8885,0.4509,-0.9532
0.000,-0.79,1.24,-1.10,0.1310,0.2452,-1.0775,0.8946,0.4643,-0.9145
0.000,3.66,-1.80,-1.17,0.1246,0.2238,-1.0647,0.9127,0.4746,-0.9225
0.000,1.52,0.42,-1.02,0.1396,0.2323,-1.0605,0.8965,0.5126,-0.9477
0.000,-0.02,0.76,-2.18,0.1392,0.2530,-1.0741,0.8912,0.4509,-0.9145
0.000,6.79,4.18,-26.78,0.1781,0.2735,-1.0784,0.8569,0.4400,-0.9394
0.000,-21.17,-4.86,-24.82,0.0575,0.1213,-1.1551,0.5851,0.5865,-1.0592
0.000,-3.19,0.47,8.95,-0.0426,0.0980,-1.0281,0.2225,0.5115,-1.0121
0.000,-30.32,29.77,11.80,0.0571,0.0293,-1.3219,0.1556,0.6102,-1.1119
0.000,4.07,-6.69,-1.84,0.0150,0.1029,-0.9063,0.0837,0.7024,-1.0810
0.000,-1.01,-0.97,-8.90,0.0910,-0.0032,-1.1168,0.1332,0.6947,-1.0458
0.000,53.92,15.74,-18.85,0.1492,0.1070,-1.3130,0.1790,0.6181,-1.1107
0.000,-10.77,1.20,0.76,0.0436,0.1867,-0.9712,0.2196,0.6534,-1.0528
0.000,0.21,5.73,14.78,0.0610,0.0481,-1.1935,0.2645,0.6886,-1.1364
0.000,43.85,7.74,14.76,0.0566,0.0699,-1.1667,0.1516,0.7213,-1.0912
0.000,-30.06,1.95,-2.78,0.0608,0.1976,-1.1529,0.2238,0.7584,-1.0435
0.000,40.70,-6.61,-5.44,0.1877,0.0179,-0.8938,0.2923,0.6519,-1.0418
0.000,15.36,-0.26,-17.11,0.2302,0.0747,-1.4577,0.2968,0.6714,-1.0163
0.000,-5.83,6.17,8.77,0.0272,0.2263,-1.0374,0.3476,0.5362,-1.0348
0.000,-10.26,-11.09,21.58,0.0440,0.1945,-1.0769,0.3990,0.6761,-1.0422
0.000,-12.70,-28.49,-0.62,0.0943,0.1784,-1.2182,0.3395,0.7203,-1.0279
0.000,-1.24,-9.79,-4.48,0.0624,0.1230,-1.0077,0.3051,0.6676,-1.0283
0.000,12.68,4.01,-23.19,0.1883,0.0623,-1.1119,0.3820,0.6752,-1.0469
0.000,3.37,-2.93,-13.75,0.1545,0.1942,-1.2004,0.3724,0.7413,-1.0379
0.000,-7.88,4.75,3.79,0.0750,0.2342,-1.0123,0.4418,0.7246,-1.0135
0.000,-1.16,8.42,15.21,0.0948,0.0647,-0.9600,0.4703,0.6436,-1.0099
0.000,12.14,6.21,30.51,0.1098,0.1719,-1.1546,0.3820,0.7188,-0.9853
0.000,-4.05,-10.89,-6.50,0.1384,0.2255,-0.9796,0.4769,0.7249,-0.9723
0.000,14.59,-23.21,-21.06,0.1306,0.1527,-0.8075,0.4639,0.7399,-1.0483
0.000,-3.37,-12.01,0.35,0.1613,0.0005,-1.1886,0.3831,0.6808,-1.0885
0.000,1.57,7.57,-16.68,0.1041,0.1251,-1.2393,0.4243,0.6383,-1.0593
0.000,-16.29,13.69,-7.52,0.0503,0.2091,-1.0993,0.4144,0.5883,-1.0962
0.000,-2.90,-4.01,22.25,0.0697,0.0145,-0.9972,0.5681,0.5657,-1.0284
0.000,1.27,3.48,-7.73,0.1445,0.0246,-1.2520,0.3570,0.6151,-1.0611
0.000,-5.26,-9.50,20.62,0.0109,0.0944,-1.2356,0.3227,0.5689,-1.0187
0.000,36.83,-5.43,-7.11,0.0740,0.1375,-0.8495,0.2988,0.6486,-1.0653
0.000,2.09,3.05,5.59,0.0961,-0.0567,-1.0952,0.2263,0.6350,-1.1123
0.000,-9.97,-19.74,-5.32,0.1048,0.0758,-1.2960,0.2890,0.5939,-1.0300
0.000,-34.21,2.57,2.46,-0.0115,0.1475,-1.2162,0.3628,0.5740,-1.0344
0.000,-19.46,4.21,1.47,0.0267,0.1554,-1.0563,0.3396,0.5965,-1.0443
0.000,-4.87,4.29,15.40,0.0274,0.0374,-0.9438,0.3242,0.5916,-1.0888
0.000,12.01,10.48,1.92,0.1171,-0.0268,-1.1697,0.3372,0.5934,-1.0069
0.000,-22.61,-7.35,29.53,0.0542,0.0711,-1.3661,0.3408,0.6151,-1.0298
0.000,-13.12,-4.77,-3.65,0.0574,0.0934,-1.0431,0.3610,0.5224,-1.0863
0.000,17.39,4.76,-9.53,0.0854,0.1225,-0.8118,0.4633,0.6099,-0.9649
0.000,20.51,-12.09,-12.79,0.1406,0.0725,-1.1803,0.5065,0.6212,-0.9552
0.000,-51.56,-0.78,-3.72,0.0396,0.2365,-1.2592,0.5006,0.6186,-1.0163
0.000,-3.83,-2.18,-6.82,0.0629,0.2117,-0.9991,0.5324,0.5576,-0.9893
0.000,4.40,-9.80,4.82,0.0515,-0.0088,-1.0793,0.4631,0.5781,-0.9758
0.000,-1.30,-6.69,4.79,0.1503,0.0063,-1.4083,0.3859,0.6239,-1.0219
0.000,6.54,-5.98,5.43,0.0854,0.0859,-1.2288,0.3796,0.5675,-1.0400
0.000,0.16,2.44,-2.99,0.0901,0.0904,-0.9481,0.4588,0.5410,-1.0823
0.000,-2.26,3.23,-5.89,0.1000,-0.0328,-1.0404,0.3737,0.5724,-1.0300
0.000,32.05,-4.29,-9.07,0.1188,0.1568,-1.1514,0.2771,0.7015,-1.0010
0.000,-8.85,6.34,-3.88,0.0562,0.1881,-1.1366,0.3779,0.6345,-1.0649
0.000,7.13,5.96,15.65,-0.0020,0.0862,-0.8490,0.4634,0.5945,-0.9847
0.000,-0.78,10.06,10.35,0.0832,-0.1504,-1.2237,0.4625,0.6061,-1.0521
0.000,-6.92,-28.90,24.54,0.0771,0.0900,-1.1460,0.4376,0.6865,-1.0161
0.000,-10.88,-2.21,0.80,0.1249,0.1729,-1.1344,0.5143,0.5585,-0.9997
0.000,5.06,9.57,-5.12,0.1639,0.0450,-1.0704,0.4358,0.5731,-0.8938
0.000,9.92,-36.83,-22.23,0.2094,0.0657,-1.0925,0.4947,0.6160,-0.8372
0.000,-6.06,-3.31,9.02,0.1456,0.1285,-1.2603,0.5637,0.6410,-0.8702
0.000,-13.33,3.09,23.72,0.1164,0.1426,-0.9192,0.7386,0.6124,-0.8806
0.000,5.88,6.23,24.30,0.1087,0.0756,-0.9765,0.6058,0.6326,-0.9145
0.000,24.93,24.28,-6.55,0.1686,-0.0554,-1.2129,0.6612,0.5881,-0.9514
0.000,49.51,25.70,27.31,0.2124,0.1013,-1.2046,0.6356,0.6396,-0.9328
0.000,-6.34,1.39,-4.51,0.1434,0.2018,-1.0940,0.3640,0.7180,-1.0008
0.000,0.71,-11.16,34.96,0.1359,0.0316,-1.0970,0.3231,0.6763,-1.0971
0.000,-23.15,-11.39,-23.76,0.1662,0.0839,-1.0496,0.4571,0.5837,-1.0738
0.000,18.28,-21.44,-29.32,0.1598,0.0432,-0.8107,0.6466,0.5880,-0.9992
0.000,-19.48,-2.55,-23.40,0.3540,0.0291,-1.2229,0.7945,0.5372,-0.9368
0.000,-27.60,-1.40,-28.68,0.3659,0.0108,-1.2314,0.7483,0.5440,-1.0593
0.000,-14.42,-12.86,-11.66,0.3834,0.2185,-1.1983,0.8158,0.5640,-0.9875
0.000,21.31,1.08,5.84,0.2530,0.2390,-0.8947,0.7219,0.5655,-1.0138
0.000,-10.51,2.78,29.41,0.1814,0.0399,-0.9980,0.6295,0.5781,-0.9536
0.000,22.54,15.51,6.28,0.2316,-0.1759,-1.1030,0.6257,0.6239,-0.9775
0.000,34.95,27.22,29.21,0.2976,-0.1203,-1.1373,0.5203,0.7425,-1.0354
0.000,-0.64,-15.05,4.61,0.2004,0.1323,-1.1019,0.4760,0.7235,-0.9884
0.000,-4.78,-24.02,-15.34,0.1580,0.1007,-0.9241,0.5955,0.6636,-0.9926
0.000,-11.89,-2.83,-26.20,0.2420,0.0639,-0.8719,0.5942,0.6133,-1.0566
0.000,46.21,15.71,-11.06,0.3464,0.1341,-1.0500,0.7024,0.6681,-0.9827
0.000,-30.67,39.70,-0.67,0.3591,0.2063,-1.3190,0.6777,0.6058,-0.9928
0.000,-26.59,-6.77,-29.56,0.1613,0.2989,-1.0468,0.7412,0.6184,-0.9161
0.000,7.15,-5.11,-5.43,0.1643,0.2058,-0.9240,0.8597,0.6225,-0.8881
0.000,20.94,1.68,29.70,0.1195,0.0491,-0.9785,0.5208,0.7283,-0.8688
0.000,24.75,13.85,15.66,0.2089,-0.0047,-1.1597,0.6392,0.6997,-0.8564
0.000,-22.93,49.57,24.44,0.2607,0.0427,-1.3526,0.4327,0.6982,-0.9878
0.000,7.02,17.86,39.69,0.1053,-0.0177,-1.1694,0.4299,0.6806,-1.0009
0.000,-3.46,-18.29,-18.74,0.2294,0.1321,-1.2269,0.5861,0.6707,-0.9686
0.000,9.44,-21.35,-28.62,0.2049,0.1468,-0.8427,0.6061,0.6153,-1.0155
0.000,2.15,-3.16,-39.10,0.1943,0.1100,-0.7689,0.6040,0.7013,-0.9350
0.000,1.02,11.70,-12.36,0.2922,0.0213,-1.0569,0.6906,0.7563,-0.9458
0.000,4.36,-62.01,-32.30,0.4793,0.1295,-1.2333,0.7372,0.7404,-0.8865
0.000,21.10,9.27,-34.34,0.3805,0.1997,-1.3306,0.7351,0.7035,-0.8468
0.000,-35.49,13.89,-10.02,0.2444,0.2776,-1.2635,0.7635,0.6632,-0.9180
0.000,-2.86,-4.01,20.43,0.2001,0.2635,-1.0862,0.6581,0.6725,-0.9234
0.000,-6.92,4.97,24.33,0.1687,0.2472,-0.8029,0.7984,0.7168,-0.8589
0.000,-6.45,5.31,42.20,0.1560,0.0660,-0.9501,0.7363,0.7053,-0.9272
0.000,-13.84,10.82,17.81,0.3428,-0.0179,-1.3199,0.6150,0.8202,-0.9569
0.000,9.79,42.49,10.03,0.3109,0.1151,-1.3470,0.4929,0.7497,-0.9337
0.000,-15.49,4.75,4.38,0.1582,0.1028,-1.3156,0.5359,0.6660,-0.9848
0.000,-8.95,-25.00,-5.49,0.1783,0.2283,-1.0700,0.6488,0.7299,-0.8647
0.000,2.96,5.51,-32.05,0.1780,0.1353,-0.7579,0.7415,0.6864,-0.8383
0.000,1.62,21.64,-21.21,0.3793,0.2089,-0.9781,0.8915,0.7773,-0.7450
0.000,-44.07,-15.89,-12.45,0.4102,0.1554,-1.2961,0.8028,0.6850,-0.7829
0.000,-17.87,13.44,-0.76,0.3015,0.3138,-1.2017,0.8187,0.5860,-0.8843
0.000,-14.63,10.28,36.88,0.2330,0.3120,-1.0774,0.9631,0.4976,-0.8567
0.000,-17.56,-4.56,19.18,0.1459,0.2380,-0.9587,0.9584,0.4979,-0.8936
0.000,-16.43,4.76,33.71,0.0850,0.1501,-0.7766,0.9192,0.4591,-0.9371
0.000,-36.52,8.85,42.75,0.0861,0.0500,-1.0596,0.9850,0.4513,-0.8808
0.000,-0.38,18.04,-5.54,0.3688,0.0938,-1.3001,0.9964,0.4902,-0.9063
0.000,-5.27,46.43,2.27,0.3737,0.1470,-1.2193,0.4520,0.7347,-0.8788
0.000,-21.37,-11.73,9.24,0.3097,0.1209,-1.2765,0.3445,0.8968,-0.9437
0.000,-10.79,-30.19,-8.98,0.2568,0.1613,-1.1544,0.2266,0.7914,-0.9641
0.000,-21.64,-27.70,11.77,0.1652,0.1386,-1.0513,0.4558,0.6993,-0.8715
0.000,8.16,-16.65,-22.23,0.1500,0.1498,-0.7868,0.6397,0.7348,-0.8996
0.000,26.61,-9.34,-35.19,0.2830,0.1352,-0.8685,0.7331,0.7303,-0.8612
0.000,10.99,17.84,-23.70,0.2313,0.0489,-1.0842,0.6343,0.5759,-0.9094
0.000,7.90,-16.52,-25.55,0.3657,0.1236,-1.2131,0.6844,0.6353,-0.9114
0.000,7.05,10.12,-8.24,0.2542,0.2773,-1.2071,0.6121,0.6181,-0.8681
0.000,-30.67,-5.74,1.69,0.2032,0.2972,-1.1244,0.6366,0.6597,-0.9750
0.000,-1.52,5.13,8.28,0.1795,0.2194,-0.9009,0.6832,0.6248,-0.9852
0.000,25.56,-10.06,37.26,0.0699,0.1211,-0.8502,0.6257,0.7007,-0.9303
0.000,-16.28,9.94,34.13,0.1009,0.0531,-1.1612,0.6743,0.6863,-0.9258
0.000,20.12,-11.19,18.34,0.2344,0.0619,-1.2829,0.6319,0.6562,-0.8965
0.000,21.13,2.46,11.82,0.1037,0.1646,-1.1063,0.5960,0.6633,-0.9780
0.000,-15.89,-15.71,1.71,0.0840,0.2099,-1.0609,0.7010,0.6960,-0.9687
0.000,-15.93,-7.73,0.09,0.1539,0.1799,-0.9215,0.7565,0.5945,-0.9512
0.000,11.95,-0.73,-6.94,0.1278,0.1392,-0.7987,0.8234,0.5582,-0.9412
0.000,-42.36,38.33,19.10,0.2185,0.0336,-1.2509,0.9971,0.3321,-0.9468
0.000,13.64,-25.13,-28.72,0.3299,0.1468,-1.1838,1.0865,0.2201,-0.9717
0.000,-41.03,-14.76,4.13,0.2634,0.3539,-1.1189,1.1263,0.1266,-0.9652
0.000,-27.31,3.40,-19.99,0.2819,0.3571,-1.1052,1.0425,0.0889,-0.9955
0.000,3.85,-1.12,17.68,0.1476,0.2668,-0.8424,1.1468,0.0461,-0.9399
0.000,-18.14,-10.28,40.04,0.1355,0.0416,-0.8526,1.1330,0.0381,-1.0227
0.000,18.19,4.43,24.82,0.2313,0.0999,-1.1227,1.0341,0.1743,-1.0374
0.000,9.52,13.54,41.11,0.2080,0.1395,-1.1956,0.9768,0.1103,-1.0509
0.000,35.28,15.20,13.91,0.2226,0.1193,-1.2200,0.9708,-0.0257,-1.0332
0.000,-35.79,-5.29,-10.23,0.2342,0.2631,-1.1569,0.9456,0.1295,-1.0604
0.000,11.64,-13.47,-21.79,0.1824,0.2027,-0.9288,0.9749,0.0733,-1.0545
0.000,18.69,3.53,-20.14,0.1964,0.1649,-0.7706,0.9958,0.1059,-1.1090
0.000,10.86,0.04,-1.49,0.2068,0.0573,-1.1203,1.0471,0.0809,-1.0610
0.000,-14.08,-8.36,-19.48,0.2759,-0.0125,-1.1864,0.9279,-0.0749,-1.0961
0.000,-14.60,1.77,-13.66,0.1530,0.2510,-1.2010,0.9512,-0.0122,-1.1303
0.000,4.68,-10.58,1.09,0.1199,0.2349,-0.9772,1.0156,-0.0281,-1.0717
0.000,16.60,7.33,27.33,0.0548,0.1595,-0.7694,0.9765,-0.0037,-1.0456
0.000,-32.64,4.78,31.90,0.1620,-0.0041,-1.1903,1.0723,0.0373,-1.0413
0.000,-13.79,-2.79,9.88,0.3076,0.0174,-1.2851,1.0207,0.0381,-1.0644
0.000,57.84,21.24,49.36,0.0875,0.0623,-1.2032,0.9626,0.0742,-1.0049
0.000,-9.16,-19.29,-11.94,0.1461,0.1035,-1.1436,1.0122,-0.0023,-1.0757
0.000,-2.21,-14.08,-9.74,0.1099,0.1041,-0.9595,1.0192,-0.0287,-1.0210
0.000,35.79,10.79,-12.83,0.1629,0.1333,-0.7635,0.9951,0.0555,-1.0894
0.000,-20.69,25.78,-4.65,0.2912,-0.0279,-1.2082,0.9854,-0.0041,-1.0838
0.000,30.02,-7.57,-19.46,0.3248,0.0841,-1.1198,1.0900,-0.0509,-1.0261
0.000,17.91,5.33,-25.90,0.3667,0.2193,-1.1984,1.0621,-0.0137,-1.0719
0.000,-21.88,1.64,-12.27,0.2692,0.2017,-1.1603,1.0893,-0.0834,-0.9903
0.000,2.56,3.76,-2.98,0.2141,0.2618,-0.9208,1.0271,-0.0668,-1.0723
0.000,-15.44,17.18,20.25,0.0767,0.1271,-0.8731,0.9841,-0.0776,-1.0857
0.000,-16.16,-0.39,27.35,0.1192,0.0425,-1.0271,1.0512,-0.0096,-1.0399
0.000,-13.15,9.72,17.38,0.2900,0.0334,-1.3288,0.9881,-0.0030,-1.0549
0.000,-8.28,-1.16,30.15,0.2822,0.0297,-1.2663,0.9312,-0.0168,-1.0960
0.000,19.49,-27.70,22.48,0.2014,0.0940,-1.2796,0.9676,0.0180,-1.0131
0.000,-16.56,-28.77,-15.94,0.1668,0.1885,-1.1346,0.9757,-0.0309,-1.0915
0.000,15.02,-15.70,-33.08,0.1882,0.1632,-0.7854,1.1057,-0.0322,-0.9973
0.000,0.14,15.62,-4.76,0.2575,0.1452,-1.0263,1.0370,0.1135,-1.0270
0.000,31.69,-11.76,-10.52,0.1822,0.1472,-1.2040,0.9988,0.1263,-1.0778
0.000,10.81,5.27,-14.62,0.3075,0.1645,-1.3821,0.9948,-0.0510,-1.0743
0.000,-26.12,2.38,-15.56,0.1720,0.2139,-1.1979,0.9290,-0.1955,-1.0813
0.000,5.04,10.45,8.24,0.0915,0.2549,-0.9066,0.9546,-0.0655,-1.1323
0.000,-21.88,11.38,30.57,0.1416,0.1293,-0.9945,0.8699,-0.0507,-1.1169
0.000,10.41,-0.88,41.68,0.0843,0.0285,-1.0521,0.8787,-0.1207,-1.1089
0.000,24.36,5.56,12.28,0.3707,0.1512,-1.3609,0.7018,-0.1378,-1.1924
0.000,-8.58,6.89,13.31,0.1930,0.2060,-1.2433,0.6719,-0.2053,-1.2210
0.000,15.72,-6.88,-5.97,0.2039,0.1464,-0.8818,0.6670,-0.3000,-1.1691
0.000,-1.23,5.26,-20.10,0.2081,0.1243,-0.8031,0.6183,-0.2654,-1.1859
0.000,35.61,3.85,-39.14,0.2814,0.1122,-1.0426,0.5611,-0.1974,-1.2673
0.000,-36.37,-7.97,-20.48,0.3691,0.1394,-1.4139,0.7696,-0.2467,-1.1353
0.000,-39.52,11.56,-5.74,0.3207,0.3364,-1.1935,0.7232,-0.2410,-1.1576
0.000,-33.72,0.07,24.13,0.2294,0.2498,-1.0733,0.7338,-0.3035,-1.1245
0.000,2.84,-10.31,43.31,0.1064,0.1072,-0.8299,0.6595,-0.3049,-1.0889
0.000,-24.21,7.73,26.02,0.2017,0.0513,-1.1552,0.5729,-0.2289,-1.2000
0.000,4.60,7.92,5.02,0.3469,0.0371,-1.2010,0.4556,-0.2580,-1.2879
0.000,20.39,20.91,35.46,0.1563,0.1006,-1.1561,0.3830,-0.2761,-1.2547
0.000,7.83,-19.22,-26.17,0.1425,0.1776,-0.9094,0.4213,-0.2346,-1.2170
0.000,8.23,-0.42,-36.35,0.2201,0.1345,-0.8113,0.3879,-0.2907,-1.1826
0.000,22.70,1.76,-49.08,0.3937,0.0939,-0.9789,0.2128,-0.2871,-1.2551
0.000,-2.91,8.30,-13.79,0.4801,0.3518,-1.1915,0.2193,-0.2123,-1.2898
0.000,-23.98,1.93,16.71,0.2614,0.2260,-1.1158,0.1538,-0.3634,-1.2442
0.000,-10.41,-0.54,35.62,0.0756,0.0563,-0.8706,0.2066,-0.3708,-1.1909
0.000,1.30,3.83,29.31,0.1028,-0.1054,-1.0545,0.2169,-0.3410,-1.2167
0.000,-13.21,-8.14,3.85,0.2424,-0.0310,-1.2317,0.1695,-0.2770,-1.2345
0.000,18.08,15.68,18.61,0.0443,0.1426,-1.1862,0.0946,-0.3135,-1.1882
0.000,8.34,-14.79,-9.94,0.1165,0.1393,-1.1816,0.1173,-0.3741,-1.2779
0.000,-7.86,-13.95,-19.36,0.1217,0.0707,-0.9550,0.1229,-0.4014,-1.2595
0.000,-6.06,0.43,-17.99,0.1431,0.0673,-0.8226,0.0683,-0.3359,-1.2567
0.000,-21.28,11.13,-0.50,0.1691,0.0645,-1.1864,-0.1363,-0.1902,-1.3191
0.000,11.51,-10.77,-10.68,0.1350,0.1719,-1.1435,-0.2136,-0.1850,-1.3074
0.000,63.60,4.91,-18.51,0.1959,0.1006,-1.3441,-0.1225,-0.2668,-1.3182
0.000,-10.00,-9.17,-6.01,0.1301,0.3120,-1.2188,-0.1432,-0.2108,-1.3166
0.000,39.35,-11.17,27.32,0.0141,0.3051,-0.9026,-0.2570,-0.1818,-1.2776
0.000,5.39,5.08,11.91,0.0897,0.0469,-0.8378,-0.0148,-0.3238,-1.2707
0.000,15.93,4.02,17.59,0.1237,0.0094,-0.9885,-0.0313,-0.3255,-1.2232
0.000,-69.35,-5.86,15.18,0.1010,-0.2870,-1.3301,-0.0145,-0.4709,-1.2050
0.000,-40.85,-3.59,22.03,0.1590,-0.2813,-1.3923,-0.0088,-0.4869,-1.1746
0.000,40.23,21.25,12.35,0.2580,-0.0231,-1.2974,-0.0179,-0.3316,-1.2696
0.000,-2.85,-22.07,-24.85,0.2471,0.0643,-1.2900,0.0621,-0.3466,-1.2821
0.000,-47.90,-16.13,-22.42,0.2390,0.1013,-1.1487,0.1439,-0.3679,-1.2858
0.000,5.96,-26.27,-33.45,0.1474,0.0318,-0.8588,0.2661,-0.3939,-1.2498
0.000,-7.90,3.32,-0.35,0.2576,-0.0266,-0.9088,0.2794,-0.3094,-1.1751
0.000,2.87,-10.48,-17.16,0.2974,-0.0648,-1.0748,0.1271,-0.4155,-1.3107
0.000,39.38,1.80,-27.74,0.3859,0.1853,-1.1831,0.1417,-0.3548,-1.3227
0.000,-11.31,-6.09,21.43,0.2350,0.1984,-1.0216,0.0930,-0.2978,-1.2650
0.000,-11.18,-0.17,23.64,0.0884,0.1140,-0.8917,0.2158,-0.3399,-1.2531
0.000,-5.28,-6.01,26.84,0.0688,0.0540,-0.9072,0.1809,-0.2751,-1.2726
0.000,-6.78,3.80,14.19,0.1197,-0.1173,-1.1099,0.1283,-0.4105,-1.3233
0.000,-3.40,6.58,13.76,0.2290,-0.0885,-1.2366,0.0060,-0.3486,-1.2415
0.000,27.97,18.44,11.07,0.2439,0.0669,-1.2044,0.2146,-0.3812,-1.2453
0.000,2.52,-15.35,-1.18,0.1656,0.0842,-1.1863,0.2630,-0.4074,-1.1446
0.000,-23.44,-12.83,-9.74,0.2115,0.1125,-1.1144,0.3171,-0.4283,-1.1922
0.000,23.17,-13.40,-35.74,0.1291,0.0946,-0.8392,0.4520,-0.4480,-1.1688
0.000,-3.50,-5.54,-33.30,0.1386,0.0964,-0.8389,0.5682,-0.3702,-1.2061
0.000,-34.41,12.91,18.63,0.2096,0.0070,-1.1492,0.3737,-0.2373,-1.2297
0.000,-39.60,4.30,-9.46,0.3507,0.0098,-1.3234,0.2398,-0.3590,-1.2159
0.000,-15.37,-2.22,4.40,0.3379,0.2669,-1.1690,0.1331,-0.2743,-1.2498
0.000,-11.04,4.25,16.52,0.2659,0.2619,-1.0326,0.0919,-0.2083,-1.3002
0.000,-9.41,-11.01,29.92,0.1063,0.0798,-0.8063,0.1817,-0.3772,-1.2023
0.000,-14.31,10.55,37.16,0.1175,-0.1163,-1.2195,0.2486,-0.4003,-1.1498
0.000,-36.75,20.02,23.96,0.3070,-0.0930,-1.4153,0.1155,-0.3679,-1.2381
0.000,21.52,-10.47,16.46,0.1180,0.0331,-1.2208,0.1181,-0.2995,-1.2545
0.000,13.50,-29.19,-32.36,0.1283,0.1476,-1.0718,-0.0055,-0.4292,-1.3010
0.000,8.69,-4.15,-25.08,0.1096,0.0565,-0.7005,0.0845,-0.4094,-1.1843
0.000,-10.84,3.60,-18.16,0.1932,-0.0570,-1.1667,0.0825,-0.4889,-1.1831
0.000,0.99,-4.34,-28.56,0.2549,0.0109,-1.1416,-0.0008,-0.4000,-1.3051
0.000,62.11,3.59,-13.65,0.2981,0.1154,-1.3354,0.0273,-0.3896,-1.3110
0.000,-28.41,-1.05,-5.17,0.1466,0.1865,-1.2474,0.0351,-0.4669,-1.1943
0.000,19.61,-1.36,26.67,0.0568,0.1289,-0.8854,0.0218,-0.4591,-1.2045
0.000,-14.91,-2.36,20.22,0.0511,0.0048,-0.9259,0.0560,-0.4420,-1.2126
0.000,11.84,-0.10,13.96,0.0349,-0.0272,-1.0480,0.0245,-0.3745,-1.2876
0.000,25.39,-6.41,16.51,0.1079,-0.0228,-1.1124,-0.0314,-0.4494,-1.2776
0.000,-16.94,0.51,5.77,0.0634,0.0952,-1.3091,-0.0333,-0.4257,-1.2815
0.000,-10.27,-7.53,-4.01,0.0907,0.1161,-0.9515,-0.1035,-0.3593,-1.3041
0.000,20.15,-3.50,-26.68,0.1087,0.1324,-0.7427,-0.1316,-0.3434,-1.2920
0.000,21.20,8.61,-17.20,0.1904,0.0865,-1.1559,-0.1340,-0.1494,-1.3149
0.000,13.64,-0.99,-18.52,0.1732,0.1753,-1.3464,-0.1870,-0.2207,-1.3536
0.000,-9.33,3.55,1.88,0.1181,0.1924,-1.2373,-0.0600,-0.3382,-1.3059
0.000,4.69,10.36,9.01,0.0708,0.1864,-0.9584,-0.1638,-0.2964,-1.2706
0.000,10.19,-10.26,22.27,-0.0617,0.0545,-0.8355,-0.1774,-0.3326,-1.2181
0.000,-27.45,13.81,25.58,-0.0523,-0.0949,-1.2416,-0.2894,-0.3975,-1.2975
0.000,-25.53,-6.43,19.64,-0.0712,-0.0531,-1.2230,-0.3264,-0.4284,-1.2022
0.000,-2.06,2.48,-5.42,-0.0365,-0.1198,-1.1419,-0.2430,-0.4903,-1.1832
0.000,-22.36,-11.53,2.71,0.0971,-0.0312,-1.2323,-0.0675,-0.5169,-1.2088
0.000,4.68,1.94,-15.33,0.0842,0.0342,-1.0113,-0.0398,-0.4961,-1.1733
0.000,-10.14,-1.40,-8.66,0.1207,-0.0527,-0.9128,0.0085,-0.4647,-1.2476
0.000,40.18,-4.34,-24.59,0.1022,-0.0205,-0.9129,0.0021,-0.4299,-1.2341
0.000,-17.33,4.42,-23.95,0.3243,-0.0450,-1.4457,-0.0510,-0.3667,-1.2275
0.000,-29.84,8.40,-18.41,0.2866,0.1938,-1.3328,0.0008,-0.3936,-1.2357
0.000,12.36,-0.16,4.45,0.1555,0.2183,-0.9780,0.0178,-0.4062,-1.2058
0.000,10.72,-2.46,19.20,0.0917,0.0727,-0.9130,0.1483,-0.3892,-1.1558
0.000,23.92,2.19,27.65,-0.1693,-0.1898,-0.7181,-0.1213,-0.5652,-1.1483
0.000,16.09,29.64,-32.12,0.2472,-0.5480,-0.8645,0.3041,-1.0855,-0.7046
0.000,3.78,8.05,21.11,-0.0710,-0.0113,-1.1182,-0.3688,-0.4948,-1.2271
0.000,-12.75,6.78,7.54,0.0725,0.0025,-1.2910,-0.0761,-0.5203,-1.2000
0.000,-0.41,-26.19,-10.45,0.1413,-0.0303,-1.0620,0.0952,-0.5928,-1.1129
0.000,9.52,-5.69,-25.08,0.1599,0.0603,-0.8048,0.0571,-0.5090,-1.1830
0.000,-1.57,13.68,-6.84,0.2539,-0.1271,-1.0866,0.1249,-0.5407,-1.1002
0.000,17.52,-22.49,-13.64,0.2551,-0.1121,-1.0750,0.0977,-0.4882,-1.1779
0.000,-66.42,5.77,-37.41,0.4143,-0.0373,-1.4930,-0.0368,-0.3465,-1.2416
0.000,14.74,-17.43,-14.00,0.3268,0.1828,-1.2143,0.0370,-0.4573,-1.1934
0.000,-3.81,5.18,4.86,0.2676,0.2372,-0.9686,0.1572,-0.3916,-1.1984
0.000,-0.43,2.99,27.99,0.1569,-0.0430,-0.9081,0.1220,-0.4580,-1.1790
0.000,-26.09,-0.97,0.24,0.1811,-0.1658,-1.3311,0.1618,-0.5101,-1.2313
0.000,13.33,10.58,17.46,0.3038,0.1111,-1.2192,0.0774,-0.2730,-1.2566
0.000,17.06,-14.17,16.37,0.2379,0.0764,-1.2429,0.1706,-0.3104,-1.2844
0.000,-4.86,-25.04,-13.49,0.2245,0.1222,-1.1700,0.0491,-0.4192,-1.1776
0.000,30.51,-26.99,-26.13,0.1573,0.1383,-0.7564,0.1674,-0.2931,-1.2598
0.000,51.09,-0.15,-14.86,0.2760,-0.0051,-1.0135,0.1871,-0.3039,-1.2067
0.000,-61.51,18.98,-35.26,0.4411,-0.1254,-1.5344,0.1211,-0.3890,-1.2066
0.000,-5.28,-15.72,-12.72,0.3880,0.2639,-1.2707,0.1556,-0.3071,-1.2419
0.000,0.71,-2.02,31.48,0.1690,0.2240,-0.8777,0.0937,-0.3081,-1.2434
0.000,17.54,-4.27,21.04,0.1261,0.0396,-0.7684,0.0790,-0.3473,-1.2149
0.000,-14.66,3.92,24.96,0.1323,-0.1570,-1.1442,0.1444,-0.4178,-1.2230
0.000,-22.92,15.39,1.92,0.3041,-0.0797,-1.2070,0.1049,-0.4123,-1.2683
0.000,36.10,15.35,39.81,0.2414,-0.0673,-1.2875,0.3037,-0.4812,-1.1439
0.000,-1.81,-18.64,-7.32,0.2781,0.0864,-1.2157,0.2348,-0.5335,-1.2030
0.000,6.66,-8.51,-18.43,0.1454,0.1343,-1.0217,0.1510,-0.3700,-1.2760
0.000,21.88,-12.93,-32.37,0.1728,0.0288,-0.7652,0.3364,-0.4901,-1.0992
0.000,7.78,-8.05,-22.86,0.2975,0.0873,-0.8226,0.1900,-0.3807,-1.1653
0.000,42.68,-5.92,-11.88,0.3655,0.0479,-1.0022,0.1548,-0.3579,-1.2438
0.000,31.53,-34.45,-30.58,0.2724,-0.0847,-1.1168,0.2763,-0.4226,-1.1802
0.000,-37.08,25.35,-12.14,0.5223,-0.0727,-1.4087,0.2542,-0.4096,-1.2590
0.000,14.14,9.95,0.29,0.3348,0.1875,-1.1630,0.1759,-0.3110,-1.2409
0.000,-24.26,-17.96,5.58,0.2288,0.1622,-1.1093,0.1349,-0.4177,-1.2421
0.000,-6.78,-0.25,13.44,0.0905,0.1105,-0.9329,-0.0388,-0.3409,-1.3000
0.000,-12.31,11.45,32.37,0.1722,0.0386,-1.0257,0.1419,-0.3582,-1.2122
0.000,8.53,3.86,8.51,-0.0148,-0.1385,-1.1806,-0.1825,-0.4398,-1.2509
0.000,-20.27,2.26,-15.92,0.1986,-0.0888,-1.2176,-0.0450,-0.4491,-1.1973
0.000,1.15,10.39,5.19,0.0827,-0.1591,-1.2137,0.0982,-0.5778,-1.1483
0.000,-11.82,-9.90,-2.64,0.1327,0.0392,-1.2273,0.0716,-0.5073,-1.1873
0.000,32.75,-22.36,-12.66,0.1607,-0.0203,-1.1322,0.0813,-0.5014,-1.1255
0.000,27.04,-8.99,-18.69,0.1768,-0.0116,-0.7625,0.1444,-0.5307,-1.1116
0.000,-18.11,15.91,-25.02,0.2509,-0.0620,-0.9675,0.0630,-0.4179,-1.2608
0.000,37.89,1.81,-10.56,0.1684,0.0165,-0.9146,0.0796,-0.4506,-1.1889
0.000,44.30,-7.34,-18.55,0.3682,0.0027,-1.3480,-0.0331,-0.3772,-1.2691
0.000,-18.23,-15.48,15.75,0.1847,0.0062,-1.2521,0.1018,-0.4594,-1.1614
0.000,1.46,-2.63,24.97,0.1021,0.0852,-0.9532,0.2118,-0.4541,-1.0990
0.000,2.60,-2.72,27.13,0.1303,0.0226,-0.8673,0.2687,-0.4300,-1.1637
0.000,-23.54,-0.61,40.78,0.1369,-0.1987,-1.1175,0.3170,-0.5399,-1.1278
0.000,-20.61,-14.74,13.58,0.2817,-0.1323,-1.2612,0.2642,-0.4405,-1.1304
0.000,26.92,10.13,7.68,0.2030,-0.0934,-1.2539,0.2252,-0.4967,-1.1437
0.000,2.49,-37.28,-12.43,0.2283,-0.0213,-1.1377,0.3295,-0.5611,-1.0803
0.000,9.68,-7.05,-38.41,0.1815,0.0098,-0.8852,0.2139,-0.4622,-1.1458
0.000,-25.91,18.68,-6.75,0.2514,-0.0848,-1.1058,0.2058,-0.5124,-1.1429
0.000,37.55,-11.74,-27.35,0.3687,-0.0432,-1.0144,0.1677,-0.4782,-1.1577
0.000,-38.82,-5.49,-21.99,0.4624,-0.1031,-1.4855,0.1974,-0.5041,-1.1595
0.000,-11.03,2.58,1.57,0.3558,0.0088,-1.2486,0.2290,-0.4859,-1.1162
0.000,-18.99,-1.42,32.95,0.2576,0.1419,-1.0010,0.2448,-0.3984,-1.2046
0.000,2.30,6.36,37.69,0.0895,0.0467,-0.8191,0.1829,-0.4122,-1.2123
0.000,-17.10,1.43,25.31,0.2161,-0.1266,-1.1185,0.2553,-0.3875,-1.1596
0.000,-9.68,1.78,7.10,0.3213,-0.1125,-1.2089,0.3329,-0.4101,-1.1381
0.000,7.48,27.19,41.57,0.2439,-0.1537,-1.3531,0.2145,-0.4474,-1.2190
0.000,8.16,0.01,-23.49,0.2375,0.1495,-1.1588,0.1927,-0.3494,-1.2011
0.000,-9.15,-4.11,-32.33,0.1646,0.0490,-0.8632,0.1345,-0.3786,-1.1854
0.000,-25.40,11.51,-15.71,0.3080,0.0105,-1.0289,0.1216,-0.2953,-1.2608
0.000,-40.78,3.79,-34.40,0.4268,-0.0526,-1.3457,0.2332,-0.3903,-1.2038
0.000,-5.84,20.71,1.28,0.2689,0.2411,-1.1304,0.1728,-0.3628,-1.2138
0.000,-16.45,-1.82,20.53,0.2328,0.1489,-1.1530,0.2394,-0.3571,-1.1838
0.000,0.03,-8.57,25.10,0.0372,0.1409,-0.8818,0.2863,-0.3464,-1.2197
0.000,-9.33,-7.92,12.04,0.0854,-0.0007,-0.8711,0.3529,-0.3411,-1.1749
0.000,-7.65,2.73,8.89,0.2889,-0.0538,-1.0680,0.3308,-0.3866,-1.1722
0.000,10.96,9.60,25.86,0.1843,0.0066,-1.1569,0.1761,-0.3638,-1.2639
0.000,-5.77,-31.68,-8.71,0.2209,0.1019,-1.1281,0.0988,-0.2828,-1.2466
0.000,9.55,-14.83,-15.97,0.1786,0.1602,-0.8790,0.2530,-0.2860,-1.2029
0.000,-31.57,13.89,-13.31,0.3510,0.0071,-0.9784,0.3015,-0.3699,-1.2027
0.000,10.39,21.42,-6.92,0.4015,0.0058,-1.0843,0.1969,-0.1939,-1.3025
0.000,-10.90,4.29,-25.43,0.5454,0.1055,-1.3891,0.1653,-0.2080,-1.2936
0.000,-16.28,-2.11,-5.14,0.3805,0.3083,-1.2096,0.2306,-0.2221,-1.2228
0.000,-9.77,-15.78,36.24,0.1468,0.1977,-0.9999,0.2124,-0.2458,-1.2889
0.000,-23.85,9.32,29.71,0.1195,0.0710,-0.9741,0.1107,-0.2092,-1.2539
0.000,10.33,16.99,17.25,0.1905,-0.0159,-1.1693,0.0367,-0.1693,-1.3185
0.000,8.57,25.25,19.51,0.4006,0.0181,-1.2987,0.0692,-0.2084,-1.2019
0.000,-8.31,-0.35,20.55,0.1982,0.0669,-1.1329,0.1979,-0.2486,-1.2306
0.000,-0.97,-32.25,-19.74,0.3235,0.1272,-1.1292,0.0798,-0.1358,-1.2682
0.000,12.50,-3.19,-6.00,0.1756,0.1299,-0.7292,0.1142,-0.1779,-1.2701
0.000,7.23,19.86,-19.77,0.4548,-0.0062,-1.2005,0.0685,-0.0882,-1.2617
0.000,-12.67,0.87,-45.73,0.6341,0.0503,-1.6426,-0.0764,-0.1165,-1.3227
0.000,-0.22,-26.56,-5.36,0.4501,0.2947,-1.3144,0.0056,-0.0602,-1.2912
0.000,2.33,6.89,15.67,0.1771,0.1703,-0.9238,-0.1236,-0.2195,-1.2842
0.000,-17.00,14.23,20.77,0.1815,-0.0024,-0.9388,0.0510,-0.2951,-1.2122
0.000,1.27,2.71,4.27,0.3750,0.0046,-1.1326,0.0008,-0.2327,-1.2727
0.000,19.38,1.39,16.44,0.2760,0.1433,-1.2461,0.0455,-0.2020,-1.3229
0.000,-17.32,-8.64,16.80,0.1345,0.0558,-1.1928,0.0498,-0.3377,-1.2660
0.000,0.86,-8.89,-18.76,0.0347,0.0872,-0.9861,-0.3465,-0.3667,-1.2743
0.000,-5.40,21.06,-40.25,0.1483,0.0370,-0.6874,-0.0930,-0.3854,-1.2850
0.000,33.80,17.67,-35.76,0.1973,-0.0220,-1.0411,-0.0636,-0.3131,-1.2987
0.000,-22.76,3.61,-46.27,0.4277,0.1753,-1.2789,-0.1591,-0.1587,-1.3068
0.000,-14.67,2.81,-19.03,0.2445,0.3169,-1.1358,-0.0049,-0.2674,-1.1832
0.000,-33.56,12.09,12.42,0.2284,0.2723,-1.0846,0.0513,-0.2490,-1.2730
0.000,-1.09,5.98,52.39,0.0479,0.1635,-0.7717,0.1060,-0.2525,-1.1912
0.000,-17.26,4.78,18.03,0.1610,0.0253,-1.1332,0.0612,-0.2428,-1.2494
0.000,23.02,0.49,-2.24,0.2114,0.0030,-1.1772,0.0591,-0.2338,-1.2256
0.000,18.33,19.57,25.98,0.2481,0.1159,-1.2752,0.0467,-0.2820,-1.2980
0.000,-4.56,-21.27,-13.06,0.2472,0.2439,-1.1105,-0.1129,-0.2878,-1.3506
0.000,21.82,-14.31,-30.14,0.1055,0.1022,-0.7979,0.1665,-0.3110,-1.2998
0.000,-2.80,0.31,-33.80,0.3390,0.0973,-0.9827,0.2577,-0.2081,-1.2172
0.000,-49.81,-19.47,-40.19,0.5410,0.0376,-1.4153,0.2709,-0.2356,-1.1448
0.000,34.84,-6.10,-32.28,0.5097,0.0639,-1.4543,0.1932,-0.3930,-1.1010
0.000,-5.83,19.08,6.22,0.3076,0.2317,-1.2358,0.1566,-0.3952,-1.2316
0.000,15.20,0.05,36.17,0.2358,0.2231,-0.9123,0.1679,-0.3920,-1.2756
0.000,5.75,-12.21,28.13,0.1047,0.0710,-0.7862,0.2720,-0.3839,-1.2538
0.000,15.15,-6.64,43.39,0.1538,-0.0494,-1.1065,0.1579,-0.3889,-1.3224
0.000,-22.62,26.45,14.83,-0.0187,-0.1346,-1.3073,-0.3412,-0.3465,-1.3085
0.000,0.45,2.25,4.50,0.1647,0.0463,-1.3014,-0.0477,-0.4046,-1.2330
0.000,0.42,-12.34,11.66,0.1741,0.2175,-0.9867,-0.0862,-0.1602,-1.3163
0.000,11.02,-2.22,-45.19,0.1684,0.0678,-0.8072,-0.1237,-0.1550,-1.3131
0.000,9.37,-7.99,-18.98,0.3187,-0.0927,-1.1485,0.2152,-0.3893,-1.1114
0.000,-3.69,9.07,-23.09,0.4179,-0.0247,-1.5102,0.1085,-0.3476,-1.2915
0.000,-20.45,-16.52,-7.80,0.1516,0.1739,-1.2735,-0.0990,-0.3454,-1.2065
0.000,19.15,10.25,25.88,0.0320,0.1442,-0.7867,-0.1534,-0.3281,-1.2613
0.000,7.03,10.24,34.10,0.0333,-0.0314,-0.9666,-0.1542,-0.3878,-1.2009
0.000,8.62,0.34,-4.76,0.1624,-0.0839,-1.0978,-0.0556,-0.4113,-1.2210
0.000,36.39,20.54,-6.96,0.1734,0.0203,-1.2004,-0.0702,-0.4320,-1.2181
0.000,0.89,-8.97,-6.62,0.1326,0.1168,-1.1030,-0.0882,-0.4495,-1.2234
0.000,9.87,-17.18,-4.84,0.0614,0.0040,-0.7626,-0.0301,-0.3766,-1.1567
0.000,-34.04,7.74,-5.73,0.1438,-0.1529,-1.1881,-0.0674,-0.4518,-1.2064
0.000,19.95,2.56,-17.27,0.2635,0.0014,-1.0202,-0.1227,-0.3731,-1.1892
0.000,-44.02,-6.16,-20.17,0.2434,-0.1552,-1.5786,-0.0623,-0.4249,-1.1916
0.000,-4.14,4.90,-7.11,0.1333,0.1290,-1.2652,-0.0758,-0.4061,-1.1919
0.000,5.45,14.11,25.07,0.1027,0.1092,-0.9345,-0.0406,-0.3967,-1.1986
0.000,10.66,2.11,26.74,0.0511,0.0045,-0.7809,-0.0035,-0.3926,-1.2184
0.000,22.44,13.02,16.38,0.1438,-0.1547,-1.1843,-0.0396,-0.3573,-1.2401
0.000,-17.23,18.59,0.36,0.2874,-0.0905,-1.4043,0.0749,-0.3470,-1.2137
0.000,-19.57,-11.07,3.31,0.1677,0.0658,-1.3018,0.0569,-0.4554,-1.2192
0.000,-8.29,-14.40,-27.69,0.1174,0.0774,-0.9086,0.0100,-0.3910,-1.2399
0.000,-13.03,6.91,-18.40,0.1702,0.0043,-0.8590,0.0664,-0.3786,-1.1907
0.000,10.44,26.53,-28.24,0.3898,-0.0398,-1.2548,0.0069,-0.3169,-1.2747
0.000,-32.01,22.00,-32.22,0.4554,-0.0893,-1.5454,0.1458,-0.3550,-1.2293
0.000,3.56,1.37,-9.29,0.3484,0.1669,-1.2503,-0.0539,-0.2942,-1.2718
0.000,3.99,-11.02,16.48,0.2961,0.1517,-1.1617,0.0722,-0.3579,-1.2582
0.000,-13.22,-9.69,29.17,0.0930,0.1414,-0.8263,-0.0332,-0.1927,-1.2687
0.000,-2.83,14.14,21.24,0.1336,0.1133,-1.0183,-0.1315,-0.1451,-1.3369
0.000,20.20,-14.10,9.04,0.2552,-0.0563,-1.1247,0.1021,-0.3483,-1.2270
0.000,33.99,10.25,13.65,0.2561,0.1187,-1.2170,0.2126,-0.3337,-1.1812
0.000,-13.43,-27.43,-4.89,0.1965,-0.0174,-1.1724,-0.0079,-0.4477,-1.1845
0.000,-8.59,14.43,-44.72,0.2342,0.0638,-0.9310,0.0171,-0.3151,-1.2580
0.000,11.89,5.60,-10.25,0.2239,0.0253,-0.7137,0.1946,-0.2323,-1.2622
0.000,15.28,9.35,-14.08,0.3818,-0.1360,-1.2928,-0.0021,-0.2179,-1.3457
0.000,-1.80,0.66,-22.90,0.4658,0.0091,-1.4650,0.0612,-0.3141,-1.2666
0.000,-8.85,-6.38,-5.88,0.3756,0.1939,-1.2833,0.1095,-0.2848,-1.2730
0.000,-4.75,-0.39,22.28,0.2289,0.1662,-0.9549,0.2139,-0.3612,-1.2454
0.000,-2.00,-1.72,29.77,0.1898,0.0408,-0.8007,0.2346,-0.4013,-1.2187
0.000,-0.32,4.92,33.40,0.1476,-0.1089,-1.0743,0.0828,-0.3816,-1.2243
0.000,15.46,5.66,-4.29,0.2440,-0.1644,-1.1077,0.1757,-0.3940,-1.2317
0.000,13.66,14.17,29.10,0.3348,-0.0468,-1.3088,0.1739,-0.3802,-1.1852
0.000,-14.34,-15.33,-0.23,0.2440,0.0371,-1.2429,0.0844,-0.4088,-1.1828
0.000,-10.74,-16.57,-21.49,0.1987,0.0573,-0.9180,0.1491,-0.3907,-1.1811
0.000,14.80,-6.96,-20.22,0.1878,0.0246,-0.7310,0.0816,-0.3739,-1.1947
0.000,39.57,10.71,-20.95,0.3195,-0.0576,-1.0945,0.1486,-0.3766,-1.1593
0.000,-24.84,-21.77,-30.38,0.4150,0.0105,-1.3570,0.1680,-0.3357,-1.2242
0.000,-29.85,5.64,10.91,0.3023,0.0763,-1.3891,0.1955,-0.3849,-1.1798
0.000,-18.77,-5.57,10.06,0.2438,0.1771,-1.0866,0.0546,-0.3508,-1.2728
0.000,-13.74,-14.03,30.22,0.1331,0.0738,-0.9414,0.0249,-0.3115,-1.2799
0.000,-9.53,18.15,22.22,0.0653,-0.0267,-0.9421,-0.0351,-0.4050,-1.2018
0.000,21.49,5.67,8.09,0.0429,-0.1301,-1.0016,-0.0548,-0.5337,-1.1800
0.000,-1.60,-7.73,10.12,0.0383,-0.1876,-1.0593,-0.0623,-0.5778,-1.1539
0.000,-56.28,5.89,1.77,0.1555,-0.2561,-1.4545,-0.1596,-0.5220,-1.1291
0.000,14.61,24.88,13.25,0.1382,-0.0835,-1.2836,-0.0276,-0.5254,-1.1348
0.000,-0.22,-26.91,-9.01,0.1560,0.0294,-1.1198,-0.0885,-0.4497,-1.2288
0.000,7.13,-9.01,-24.04,0.1746,0.0732,-0.8435,0.0222,-0.4031,-1.1742
0.000,10.15,9.16,-15.51,0.2448,-0.1414,-1.0044,0.1042,-0.3577,-1.2616
0.000,-3.35,-22.72,-24.56,0.3646,-0.1090,-1.1185,0.0214,-0.3894,-1.2225
0.000,10.03,8.29,-17.87,0.3537,-0.0781,-1.4552,0.0525,-0.4463,-1.2174
0.000,-8.70,2.51,5.12,0.1217,0.0418,-1.2899,-0.0465,-0.5058,-1.1749
0.000,-7.17,9.24,23.11,0.0901,0.0561,-0.9228,0.0770,-0.4375,-1.1962
0.000,-5.79,17.18,18.13,0.1196,-0.0490,-1.0166,-0.0762,-0.3261,-1.2069
0.000,-10.82,7.28,-9.56,0.2302,-0.1793,-1.1620,0.0024,-0.4351,-1.2039
0.000,39.19,4.59,19.01,0.1757,0.0784,-1.0394,0.0842,-0.3629,-1.2260
0.000,-8.36,-22.73,-10.75,0.2241,0.0621,-1.1082,0.0960,-0.3249,-1.2510
0.000,15.39,-22.38,0.53,0.1650,0.0108,-0.8762,0.0027,-0.2599,-1.2467
0.000,53.19,14.51,4.30,0.1619,0.0485,-0.9620,-0.2429,-0.0100,-1.2904
0.000,50.36,-31.49,-41.93,0.4909,0.1088,-1.4489,-0.1064,-0.1473,-1.2199
0.000,-8.05,-16.50,23.43,0.3042,0.1550,-1.0740,0.2096,-0.3484,-1.1961
0.000,-17.12,8.51,47.67,0.1630,0.0667,-0.9155,0.0274,-0.2218,-1.2649
0.000,-33.91,7.77,36.01,0.2170,-0.1138,-1.1022,0.0013,-0.1865,-1.2190
0.000,-18.39,8.87,19.18,0.2429,-0.0864,-1.1363,-0.3510,0.0448,-1.3566
0.000,-3.06,-23.71,16.77,0.2637,0.0864,-1.3089,-0.3048,0.0768,-1.3288
0.000,8.49,-20.80,-3.01,0.1621,0.1201,-0.9894,-0.2111,0.1454,-1.2298
0.000,-32.44,26.09,-10.59,0.3082,-0.0006,-0.9886,-0.3379,0.2634,-1.3482
0.000,6.47,-15.28,-32.91,0.4742,-0.0753,-1.4088,-0.1920,0.4112,-1.3069
0.000,-5.66,-15.23,-0.79,0.3261,0.2025,-1.1391,-0.2837,0.4108,-1.2943
0.000,-10.56,-7.52,51.52,0.1210,0.0695,-0.8760,-0.2602,0.3638,-1.3115
0.000,-16.00,-0.65,40.97,0.1116,-0.0663,-0.9816,-0.2877,0.3517,-1.2257
0.000,32.93,-4.52,11.11,0.3152,-0.1823,-1.1508,-0.3659,0.3225,-1.3023
0.000,17.66,14.57,21.07,0.2837,-0.0674,-1.2457,-0.3785,0.3097,-1.2975
0.000,11.69,-13.05,-15.98,0.2822,0.1925,-1.1839,-0.3089,0.4038,-1.2874
0.000,24.96,-0.54,-39.69,0.1946,0.1074,-0.6975,-0.3171,0.4520,-1.1956
0.000,-0.12,7.87,-7.11,0.3729,-0.0226,-1.1417,-0.1568,0.3956,-1.2745
0.000,-56.36,14.98,-38.87,0.5461,-0.0427,-1.5779,-0.1693,0.5072,-1.2726
0.000,-28.27,0.04,0.32,0.3904,0.1961,-1.2865,-0.2411,0.4827,-1.2728
0.000,10.23,-13.04,45.81,0.1085,0.1420,-0.8635,-0.3337,0.4635,-1.2519
0.000,-40.80,15.94,32.59,-0.0051,0.0078,-0.9058,-0.3876,0.3455,-1.2191
0.000,17.26,-7.36,12.64,0.2408,-0.0697,-1.1353,-0.5255,0.4285,-1.1994
0.000,21.21,25.95,43.08,0.2950,-0.0119,-1.2934,-0.4705,0.3585,-1.1539
0.000,1.18,-22.60,-26.72,0.3939,0.2685,-1.1014,-0.3686,0.5496,-1.2255
0.000,1.71,-21.69,-33.77,0.1911,0.1338,-0.9263,-0.3122,0.3703,-1.2286
0.000,1.00,7.71,-36.64,0.2562,0.1304,-0.7316,-0.3458,0.5186,-1.1738
0.000,50.77,-1.20,-2.93,0.3583,0.1095,-1.0279,-0.3358,0.5767,-1.2315
0.000,34.51,-2.91,-21.55,0.4225,0.2536,-1.2758,-0.2260,0.4845,-1.2309
0.000,-14.48,-5.78,-2.55,0.3658,0.3276,-1.1839,-0.2749,0.4575,-1.2230
0.000,11.16,-8.79,36.05,0.0927,0.2678,-0.8124,-0.4164,0.6145,-1.1475
0.000,-10.74,2.18,17.45,0.0840,0.1236,-1.1006,-0.6455,0.5031,-1.1112
0.000,-13.84,-6.46,3.72,0.2066,0.0381,-1.2356,-0.5165,0.5281,-1.1948
0.000,13.85,9.16,16.62,0.1617,0.1797,-1.2521,-0.5026,0.5729,-1.1561
0.000,15.72,-18.70,13.70,0.2329,0.1892,-1.1434,-0.4850,0.5232,-1.1657
0.000,5.02,-10.68,-26.56,0.1594,0.1328,-0.8566,-0.3367,0.5321,-1.2181
0.000,-8.93,11.93,-27.43,0.2942,0.0536,-0.9482,-0.3570,0.5319,-1.2319
0.000,28.30,-23.65,-38.03,0.4242,0.0086,-1.0979,-0.2661,0.5734,-1.2448
0.000,34.95,6.05,-32.75,0.3830,0.1221,-1.2573,-0.3095,0.6213,-1.2296
0.000,-8.49,-0.14,-2.71,0.2657,0.2657,-1.1188,-0.3784,0.5066,-1.2495
0.000,-30.28,12.28,3.39,0.2279,0.1945,-0.9134,-0.2516,0.5677,-1.1059
0.000,21.65,-12.88,13.83,0.1357,0.1919,-1.0513,-0.3061,0.6782,-1.0896
0.000,7.37,7.03,19.76,0.1541,0.0314,-1.0242,-0.4720,0.5114,-1.1508
0.000,5.56,-0.78,12.48,0.1851,0.1667,-1.2091,-0.4728,0.5379,-1.1533
0.000,-24.31,-13.75,-3.58,0.2474,0.1616,-1.1224,-0.2541,0.4079,-1.2270
0.000,19.91,-3.55,6.60,0.1688,0.1382,-0.6769,-0.1138,0.5202,-1.1460
0.000,58.92,1.89,-8.25,0.3175,0.0747,-0.9187,-0.1187,0.6632,-1.1264
0.000,9.29,-12.27,-7.45,0.4819,-0.0037,-1.4799,0.0997,0.6645,-1.0845
0.000,-15.77,2.07,4.69,0.3981,0.2164,-1.1981,0.1951,0.6657,-1.0622
0.000,-22.40,8.36,54.57,0.1856,0.1044,-0.9072,0.3690,0.6346,-1.0472
0.000,-25.26,11.04,42.54,0.2971,-0.0302,-1.1191,0.5366,0.6572,-0.9077
0.000,4.57,15.49,6.86,0.3297,-0.0164,-1.0400,0.5093,0.5271,-0.9910
0.000,-31.19,-5.44,23.35,0.2386,0.1299,-1.1398,0.5596,0.6342,-0.9111
0.000,3.86,-34.04,-5.36,0.2641,0.1754,-0.9669,0.6387,0.6871,-0.9155
0.000,20.06,-1.31,-40.59,0.2894,0.0716,-0.7221,0.6380,0.5867,-0.9542
0.000,42.97,11.57,-18.80,0.4324,0.0612,-0.9599,0.6298,0.6281,-0.9089
0.000,-89.77,22.91,-40.71,0.6481,-0.0050,-1.5030,0.8279,0.5937,-0.8380
0.000,11.47,9.34,-5.82,0.4566,0.2532,-1.2586,0.7361,0.5461,-0.9134
0.000,10.73,-5.40,24.95,0.1854,0.1494,-0.9112,0.6306,0.4775,-1.0406
0.000,-1.06,8.64,20.83,0.0685,0.0338,-0.9353,0.4267,0.5263,-1.0375
0.000,8.07,-6.97,4.27,-0.0057,-0.1351,-1.0870,0.4027,0.4145,-1.1568
0.000,-6.47,19.02,22.81,0.1680,-0.2370,-1.3256,0.4052,0.4321,-1.1874
0.000,-14.14,37.66,-3.12,0.1450,-0.0919,-1.2276,0.4567,0.3996,-1.1510
0.000,-14.15,-17.86,-14.33,0.1839,0.0059,-1.0131,0.6658,0.3885,-1.0774
0.000,-4.94,-13.44,-34.13,0.2617,0.0088,-0.9048,0.6265,0.4023,-1.1126
0.000,26.32,4.58,-24.36,0.2887,-0.0133,-1.0527,0.6931,0.3889,-1.0620
0.000,24.95,-3.92,3.15,0.2204,0.0720,-1.2989,0.6405,0.4483,-1.0762
0.000,7.77,-1.18,9.17,0.1892,0.1852,-0.9766,0.6284,0.3538,-1.0398
0.000,1.89,8.76,24.92,0.1346,0.0608,-0.8015,0.4942,0.4362,-1.1644
0.000,19.43,12.52,25.63,0.0416,-0.0860,-1.0123,0.5664,0.5193,-1.0531
0.000,-29.32,12.75,17.88,0.2210,-0.1178,-1.3201,0.5259,0.5438,-1.0846
0.000,-1.39,1.70,-8.39,0.2369,0.0324,-1.1054,0.4796,0.5407,-1.0567
0.000,2.70,-12.36,-7.72,0.1598,0.0838,-0.9078,0.6999,0.4948,-1.0520
0.000,10.83,-3.94,-21.47,0.1584,0.0147,-0.7741,0.7233,0.4775,-1.0091
0.000,44.41,-11.75,-2.90,0.2641,-0.0692,-1.0196,0.7798,0.4628,-1.0407
0.000,36.96,8.55,-22.27,0.3087,-0.0276,-1.2476,0.7023,0.4295,-1.0636
0.000,-18.03,4.66,0.83,0.2583,0.0724,-1.1949,0.8562,0.3206,-1.0090
0.000,3.83,3.02,15.30,0.1783,0.0783,-0.8364,0.6956,0.4004,-1.0896
0.000,11.33,18.47,26.86,0.1480,-0.1206,-1.0527,0.5780,0.4215,-1.0990
0.000,-52.46,7.59,15.05,0.1702,-0.0984,-1.4116,0.5792,0.5019,-1.0342
0.000,-6.48,-10.14,-11.36,0.2029,0.0122,-1.2178,0.5793,0.4869,-1.0850
0.000,-10.91,-6.30,-15.09,0.2050,0.0179,-0.9863,0.5924,0.5048,-1.0914
0.000,-11.66,3.36,-7.69,0.2054,-0.0060,-0.9069,0.6695,0.5305,-1.0484
0.000,29.39,-2.18,-12.61,0.2755,-0.0240,-1.0146,0.6816,0.4856,-1.0129
0.000,12.04,-6.06,-30.65,0.4826,0.0756,-1.4590,0.7772,0.4911,-0.9870
0.000,8.50,-6.09,-3.63,0.3028,0.2382,-1.2010,0.6049,0.5648,-0.9843
0.000,9.07,6.01,20.47,0.1487,0.2054,-0.7255,0.6152,0.6273,-1.0084
0.000,-13.85,11.20,41.14,0.1731,0.0402,-0.8583,0.7125,0.6780,-0.9267
0.000,18.92,-2.16,11.03,0.2688,0.0238,-1.1243,0.6132,0.5873,-0.9548
0.000,29.38,19.64,16.86,0.3574,0.1102,-1.2920,0.5752,0.6571,-0.8770
0.000,-37.22,-9.51,-12.20,0.2878,0.2460,-1.2998,0.5298,0.6856,-0.9278
0.000,-12.49,-11.40,-20.20,0.2326,0.1449,-1.0188,0.6278,0.5828,-0.9595
0.000,1.72,6.13,-27.60,0.2664,0.0837,-0.8086,0.6790,0.6100,-0.9237
0.000,19.23,12.67,-23.69,0.3621,-0.0621,-1.3439,0.7343,0.6267,-0.9665
0.000,-19.45,18.62,-32.54,0.4995,-0.0249,-1.5570,0.7403,0.5418,-0.9324
0.000,9.08,-14.65,-1.02,0.2962,0.2540,-1.1277,0.8172,0.5263,-0.9314
0.000,6.71,5.24,26.65,0.1123,0.1747,-0.7813,0.7638,0.4848,-0.9568
0.000,-23.01,3.84,38.24,0.1652,0.0059,-1.0993,0.6546,0.5151,-0.9794
0.000,-20.12,-18.83,9.15,0.2101,-0.1206,-1.3799,0.5480,0.5068,-0.9828
0.000,-11.74,0.16,3.74,0.0249,-0.0006,-1.2611,0.3854,0.4562,-1.0941
0.000,-32.81,-10.51,3.02,0.0496,0.0573,-1.0774,0.4317,0.5169,-1.0717
0.000,-29.86,6.74,-9.55,0.1908,-0.0462,-1.0818,0.5798,0.4838,-1.0817
0.000,-18.77,-15.99,-6.41,0.3476,-0.0822,-1.3839,0.6980,0.5428,-1.0678
0.000,-11.01,-15.20,-12.89,0.1691,0.1731,-1.2094,0.6382,0.5512,-1.0253
0.000,0.08,-3.93,12.69,0.1413,0.2178,-0.9790,0.6757,0.5646,-1.0277
0.000,-25.73,13.97,13.95,0.1967,0.0693,-0.9498,0.7105,0.5946,-0.9967
0.000,37.33,1.00,40.31,0.2556,-0.0963,-1.2147,0.5131,0.6525,-0.9941
0.000,34.76,-2.40,11.01,0.3054,0.0776,-1.1918,0.6619,0.5910,-1.0793
0.000,-1.54,-23.41,-7.36,0.2217,0.1415,-1.1251,0.7804,0.5055,-0.9704
0.000,15.90,-25.18,-48.39,0.2251,-0.0386,-0.7675,0.7441,0.4614,-1.0195
0.000,4.09,0.35,-47.33,0.3368,-0.0478,-0.9224,0.7273,0.4788,-1.0549
0.000,60.70,-5.78,-45.77,0.3624,-0.0409,-0.9845,0.8066,0.4750,-1.0379
0.000,-11.61,21.54,-25.04,0.4952,-0.1039,-1.5634,0.7401,0.4584,-1.0405
0.000,-3.26,3.13,-8.91,0.4548,0.1468,-1.2604,0.7894,0.4405,-1.0540
0.000,11.16,5.43,47.06,0.0954,0.1394,-0.7478,0.7141,0.5035,-1.0084
0.000,1.93,-13.82,46.48,0.0850,0.0142,-0.6532,0.7590,0.4647,-0.9711
0.000,6.84,-0.24,22.62,0.2480,-0.2628,-1.0963,0.8086,0.4955,-0.9997
0.000,-0.29,21.17,12.36,0.3155,0.0283,-1.2991,0.4005,0.6766,-1.0694
0.000,-9.47,-17.32,-1.75,0.2846,0.1701,-1.1448,0.6249,0.6157,-1.0320
0.000,8.88,-23.36,-31.06,0.2891,0.1001,-0.9553,0.6845,0.6640,-1.0141
0.000,24.51,1.10,-29.09,0.1795,0.0242,-0.7365,0.7562,0.6057,-1.0465
0.000,15.57,9.57,-17.41,0.2711,-0.0656,-0.9500,0.6528,0.6199,-1.0231
0.000,30.55,-3.88,-30.03,0.3829,0.0149,-0.9471,0.7829,0.5718,-1.0151
0.000,25.25,-18.02,-9.63,0.3923,0.1713,-1.3282,0.8020,0.4970,-0.9775
0.000,-20.40,3.54,-1.70,0.2039,0.2004,-1.1967,0.7283,0.6129,-0.9619
0.000,-5.58,11.46,24.42,0.1705,0.1782,-0.8364,0.6585,0.5230,-1.0008
0.000,-6.51,4.02,41.25,0.1863,0.0870,-0.8537,0.6654,0.6016,-0.9632
0.000,5.08,-17.29,4.90,0.1866,-0.0644,-1.1446,0.6157,0.6606,-0.9115
0.000,95.39,3.07,-9.73,0.5076,0.1200,-1.3295,0.7015,0.5677,-0.8579
0.000,-21.04,2.84,1.07,0.1856,0.1018,-1.3105,0.5018,0.6053,-0.9245
0.000,-14.76,-15.58,-11.96,0.2144,0.0910,-1.0903,0.5333,0.5793,-0.9888
0.000,36.17,-19.05,-7.42,0.2520,0.1068,-0.8547,0.6556,0.6491,-0.9620
0.000,-22.42,10.34,-24.84,0.3092,0.0312,-0.8876,0.6903,0.5243,-0.9011
0.000,13.93,-4.33,-11.45,0.3760,0.0044,-1.1861,0.6529,0.5980,-0.9383
0.000,2.94,-3.40,-31.00,0.3253,0.2447,-1.1660,0.5192,0.6213,-0.9857
0.000,11.98,-11.91,-9.78,0.3000,0.2991,-1.1322,0.5654,0.6178,-0.9562
0.000,-36.57,-11.98,-2.09,0.2129,0.2790,-1.0675,0.4896,0.6550,-1.0211
0.000,0.11,7.36,24.06,0.0792,0.1963,-0.7322,0.3734,0.7189,-1.0291
0.000,-30.40,10.33,17.43,0.1293,0.0359,-1.0234,0.3856,0.6473,-1.0394
0.000,17.14,1.79,16.12,0.1575,0.0585,-1.1229,0.3932,0.7452,-0.9860
0.000,52.58,26.27,9.53,0.2274,0.1333,-1.1765,0.3946,0.6659,-1.0009
0.000,-21.89,-3.03,6.76,0.1970,0.1392,-1.2008,0.4939,0.6590,-0.9883
0.000,-28.58,-23.10,-4.69,0.2020,0.1709,-1.0483,0.5621,0.6106,-0.9653
0.000,25.21,-16.97,-23.51,0.1227,0.1279,-0.7821,0.4290,0.6118,-0.9877
0.000,14.82,17.62,-15.94,0.2066,0.1270,-1.0711,0.4499,0.6580,-0.9932
0.000,22.10,-5.52,-8.67,0.2253,0.1937,-1.0873,0.4503,0.6847,-0.9613
0.000,7.13,18.81,-13.54,0.2384,0.1941,-1.2677,0.4453,0.6245,-0.9734
0.000,-37.88,14.01,-15.82,0.2513,0.3601,-1.3338,0.5042,0.6568,-0.9428
0.000,-1.84,-0.43,-6.85,0.1986,0.3630,-1.0488,0.4775,0.7011,-0.8962
0.000,13.86,-8.58,23.29,0.1023,0.2741,-0.7272,0.4430,0.7316,-0.8934
0.000,-7.84,4.81,14.52,0.2362,0.0426,-1.1422,0.4298,0.7382,-0.9469
0.000,-3.40,-1.44,-0.89,0.2231,0.0531,-1.2677,0.1790,0.7533,-0.9774
0.000,-5.87,-4.45,9.73,0.1283,0.1732,-1.1650,0.2497,0.7389,-0.9650
0.000,-12.07,-17.98,-16.60,0.1877,0.1765,-0.9859,0.4694,0.6944,-0.9418
0.000,51.02,-23.10,-39.09,0.1429,0.0875,-0.6930,0.5367,0.6687,-0.9633
0.000,-6.66,7.94,-9.81,0.2656,0.0169,-1.1479,0.5436,0.6553,-0.9793
0.000,45.60,-39.22,-11.42,0.3053,0.1783,-0.9210,0.5617,0.5378,-1.0291
0.000,75.43,-2.17,-12.14,0.2787,0.0998,-1.2505,0.5996,0.5315,-1.0078
0.000,-8.98,-5.48,-9.17,0.2797,0.2042,-1.1973,0.5481,0.5753,-1.0314
0.000,15.96,-4.67,31.74,0.1614,0.2069,-0.7707,0.5922,0.6949,-0.9613
0.000,-44.62,14.71,44.76,0.1446,-0.0643,-0.9290,0.4523,0.6062,-0.9901
0.000,44.38,-22.79,19.19,0.2047,-0.0528,-1.0389,0.5403,0.6798,-0.8958
0.000,-19.85,16.12,13.50,0.4463,-0.0935,-1.2628,0.5074,0.6215,-1.0041
0.000,7.49,-26.68,-7.66,0.3162,0.1779,-1.0626,0.5544,0.6633,-0.9681
0.000,6.55,-2.79,-22.76,0.1474,0.1196,-0.8614,0.5196,0.6663,-0.9344
0.000,2.81,8.18,-35.43,0.2233,0.0457,-0.7305,0.5125,0.7115,-1.0170
0.000,75.67,3.22,-32.70,0.4095,0.1661,-0.9366,0.6459,0.6989,-0.8915
0.000,28.05,-2.81,-17.40,0.4630,0.2260,-1.3303,0.4776,0.7675,-0.9626
0.000,-0.16,-19.08,0.59,0.3584,0.3823,-1.1872,0.5538,0.7978,-0.9424
0.000,-6.21,-11.97,50.90,0.1194,0.1522,-0.8188,0.5462,0.7547,-0.9315
0.000,-25.26,18.48,27.73,0.1508,0.0861,-1.0216,0.3597,0.8084,-0.9200
0.000,24.22,-6.63,15.96,0.1713,-0.0257,-1.0322,0.4287,0.7346,-0.9775
0.000,29.46,20.73,16.67,0.3142,0.1795,-1.2042,0.3139,0.8530,-0.8976
0.000,5.94,3.95,-26.21,0.2641,0.3728,-1.1179,0.3255,0.8162,-0.9030
0.000,13.80,-3.11,-14.46,0.0935,0.1847,-0.7457,0.3379,0.8633,-0.8324
0.000,-15.81,20.68,-25.04,0.4183,0.1225,-1.2116,0.4126,0.8253,-0.9504
0.000,-67.88,9.14,-25.14,0.3856,0.2257,-1.2151,0.4782,0.8242,-0.8901
0.000,7.07,-1.33,-17.62,0.3910,0.3659,-1.1533,0.4270,0.8090,-0.9676
0.000,19.07,-6.55,35.30,0.1091,0.2914,-0.7800,0.4903,0.8700,-0.9092
0.000,-23.83,-6.90,52.36,0.1156,0.0593,-0.9961,0.3864,0.8032,-0.8859
0.000,-24.60,5.86,23.61,0.2650,0.1268,-1.2298,0.2186,0.8855,-0.8710
0.000,-25.66,-0.09,7.96,0.2020,0.2777,-1.0909,0.1299,0.9113,-0.9235
0.000,0.98,-15.40,-13.48,0.1731,0.1797,-0.9803,0.2700,0.8382,-0.9062
0.000,-33.23,13.24,-38.93,0.3155,0.1146,-1.1530,0.2566,0.8503,-0.9351
0.000,7.08,5.26,-26.78,0.4385,0.2497,-1.3033,0.3794,0.8539,-0.9480
0.000,-4.50,-6.84,-11.00,0.3150,0.3918,-1.0981,0.2499,0.8252,-0.9615
0.000,11.57,-3.25,18.91,0.1103,0.1614,-0.8361,0.0437,0.8250,-1.0535
0.000,-63.93,11.72,-15.22,0.3707,0.1281,-1.2417,-0.1453,0.9543,-0.9895
0.000,-13.71,-16.01,-2.02,0.2033,0.3763,-1.0936,-0.2340,0.9442,-1.0035
0.000,20.96,-6.31,-16.96,0.2451,0.2306,-0.9858,-0.1483,0.9716,-0.9558
0.000,17.59,6.28,-14.47,0.3851,0.2184,-1.4253,-0.1807,0.8497,-1.0218
0.000,8.37,-6.39,-6.89,0.1790,0.3044,-0.9140,-0.1945,0.8420,-1.0137
0.000,-47.98,6.30,9.10,0.2441,0.1319,-1.2969,-0.3552,0.7591,-1.0092
0.000,-22.61,3.52,-11.05,0.1651,0.1943,-0.9673,-0.3235,0.8248,-0.9892
0.000,16.42,30.66,-62.04,0.1215,0.2329,-1.0435,-0.6987,0.5764,-1.0642
0.000,4.23,-9.55,-10.01,-0.0340,0.0737,-1.1984,-0.7191,-0.0919,-1.2323
0.000,-3.12,6.02,4.95,0.1840,0.1342,-1.0733,-0.5692,-0.1151,-1.2831
0.000,20.87,-6.63,1.65,0.1808,0.0203,-1.0892,-0.5521,-0.1666,-1.2823
